
{
	"allowSleep" : true,
	"autoClearForces" : true,
	"body" : 
	[
		
		{
			"angle" : 0,
			"angularVelocity" : 0,
			"awake" : true,
			"fixture" : 
			[
				
				{
					"chain" : 
					{
						"vertices" : 
						{
							"x" : 
							[
								-4.594656944274902,
								-5.350996017456055,
								-6.429181098937988,
								-6.887812137603760,
								-7.253223419189453,
								-7.676335334777832,
								-8.537274360656738,
								-9.269474983215332,
								-10.20282936096191,
								-10.7258300781250,
								-10.84652233123779,
								-10.79824542999268,
								-10.51663017272949,
								-10.21892166137695,
								-9.864891052246094,
								-9.446491241455078,
								-8.513136863708496,
								-7.241843700408936,
								-6.155613899230957,
								-5.350997924804688,
								-4.345228195190430,
								-3.604981422424316,
								-2.591165542602539,
								-1.867011070251465,
								-1.635024547576904,
								-1.344654798507690,
								-1.093524217605591,
								-0.7874591350555420,
								-0.3872199058532715,
								-0.167480468750,
								0.03045248985290527,
								0.1228890419006348,
								0.1778240203857422,
								0.2563023567199707,
								0.5152807235717773,
								0.9155199527740479,
								1.543346166610718,
								2.069150686264038,
								3.191389799118042,
								4.093890190124512,
								5.043477058410645,
								6.620890617370605,
								7.748743057250977,
								7.970474720001221,
								8.481129646301270,
								8.669265747070312,
								9.005222320556641,
								9.401652336120605,
								9.784643173217773,
								10.44312000274658,
								10.75891971588135,
								10.76563835144043,
								10.60437965393066,
								10.31545639038086,
								10.06684780120850,
								9.824958801269531,
								9.744329452514648,
								9.885423660278320,
								10.04668331146240,
								10.29529190063477,
								10.57749557495117,
								10.89329528808594,
								11.24941062927246,
								11.33003997802734,
								11.71975040435791,
								12.01539230346680,
								12.02211189270020,
								11.79366111755371,
								11.02767753601074,
								10.50358486175537,
								10.04668331146240,
								9.636816024780273,
								9.294139862060547,
								8.991777420043945,
								8.857395172119141,
								8.73645019531250,
								8.561752319335938,
								8.306425094604492,
								8.024220466613770,
								7.638583660125732,
								7.002645969390869,
								6.351521968841553,
								5.905416488647461,
								5.425420761108398,
								5.245343208312988,
								5.328001976013184,
								5.867909431457520,
								7.094216823577881,
								7.970677375793457,
								8.044329643249512,
								7.841705322265625,
								7.237299919128418,
								6.953243255615234,
								6.599751472473145,
								5.984298229217529,
								5.471418857574463,
								5.015350818634033,
								4.571908950805664,
								4.082702636718750,
								3.811271190643311,
								3.502480030059814,
								2.835634708404541,
								2.526314258575439,
								2.807514190673828,
								2.988285541534424,
								3.195168256759644,
								2.405800342559814,
								2.162763118743896,
								1.753014922142029,
								1.202666640281677,
								0.8973639011383057,
								0.4896242618560791,
								0.02162742614746094,
								-0.3519665002822876,
								-0.9545376300811768,
								-1.450654387474060,
								-1.749931454658508,
								-2.183782577514648,
								-2.691951036453247,
								-3.029390811920166,
								-3.234265089035034,
								-3.531533241271973,
								-3.989799499511719,
								-4.556154727935791,
								-5.000054359436035,
								-5.235780715942383,
								-5.649066925048828,
								-5.884792804718018,
								-5.939897537231445,
								-5.918467998504639,
								-5.753153324127197,
								-5.585187911987305,
								-5.367440223693848,
								-5.206721305847168,
								-5.051187515258789,
								-4.836642742156982,
								-4.56246805191040
							],
							"y" : 
							[
								-2.100814580917358,
								-1.787014365196228,
								-1.296198725700378,
								-0.9180293083190918,
								-0.8290508985519409,
								-0.7249214649200439,
								-0.3145675659179688,
								0.2325713634490967,
								1.117648482322693,
								1.632602453231812,
								1.922264099121094,
								2.276295185089111,
								2.469402790069580,
								2.493541479110718,
								2.501587390899658,
								2.751018285751343,
								2.871711015701294,
								3.105049371719360,
								3.386664390563965,
								3.233787775039673,
								2.984356880187988,
								2.887802839279175,
								2.944125890731812,
								3.121141433715820,
								3.476088285446167,
								4.213784217834473,
								4.684654235839844,
								5.092741012573242,
								5.657784938812256,
								5.916763305664062,
								6.016118526458740,
								5.579306602478027,
								4.661110877990723,
								3.970501422882080,
								3.617349147796631,
								2.824718952178955,
								2.05563211441040,
								1.616153478622437,
								1.317935943603516,
								1.113892555236816,
								1.058957934379578,
								1.019718766212463,
								1.257085204124451,
								1.485536098480225,
								1.996190786361694,
								2.332148075103760,
								2.963747739791870,
								3.494560003280640,
								3.938023805618286,
								4.253823280334473,
								4.253823280334473,
								4.058968544006348,
								3.716292142868042,
								3.346739053726196,
								2.721858501434326,
								1.949156999588013,
								1.384748935699463,
								0.8472173213958740,
								0.4306304454803467,
								-0.01283311843872070,
								-0.3622286319732666,
								-0.5302070379257202,
								-0.6847474575042725,
								-1.108053445816040,
								-1.423853278160095,
								-1.753091335296631,
								-1.907631635665894,
								-1.927789211273193,
								-1.692619085311890,
								-1.430572390556335,
								-1.208840608596802,
								-0.9871089458465576,
								-0.7922538518905640,
								-0.550364613533020,
								-0.3756668567657471,
								-0.1270585060119629,
								0.01404356956481934,
								0.2424943447113037,
								0.2424943447113037,
								0.06256961822509766,
								-0.1405509114265442,
								-0.467062234878540,
								-0.7024541497230530,
								-0.8759729862213135,
								-1.035385847091675,
								-1.268600821495056,
								-1.407582044601440,
								-1.562251806259155,
								-1.657999634742737,
								-1.797938585281372,
								-1.951039075851440,
								-2.026787757873535,
								-2.115160942077637,
								-2.135675907135010,
								-2.217736959457397,
								-2.315578460693359,
								-2.276126146316528,
								-2.141988992691040,
								-2.141989231109619,
								-2.290329694747925,
								-2.144702911376953,
								-2.110557079315186,
								-2.170814275741577,
								-2.544408321380615,
								-2.578553915023804,
								-2.729196786880493,
								-2.837659597396851,
								-2.787445306777954,
								-2.805522918701172,
								-2.797488689422607,
								-2.843686103820801,
								-2.861763238906860,
								-2.831634759902954,
								-2.807531833648682,
								-2.775395393371582,
								-2.757318258285522,
								-2.749283790588379,
								-2.674966812133789,
								-2.616719245910645,
								-2.863773345947266,
								-2.970227718353271,
								-3.140956163406372,
								-3.410216093063354,
								-3.701046943664551,
								-3.912281990051270,
								-4.050044059753418,
								-4.187806129455566,
								-4.187806129455566,
								-4.019430160522461,
								-3.832686185836792,
								-3.584714412689209,
								-3.263905763626099,
								-2.947653055191040,
								-2.703982830047607,
								-2.558817625045776,
								-2.378926038742065,
								-2.145624876022339
							]
						}
					},
					"density" : 1,
					"friction" : 0.2,
					"name" : "fixture0"
				}
			],
			"linearVelocity" : 0,
			"massData-mass" : 1,